Restaurant Name,Type Of Restaurant,Address,Contact,Rating,Menu Url,Live Location,Website Url,Instagram Url
The View Restaurant Dubai,Restaurant,emirates grand hotel - Trade Centre - Trade Centre 1 - Dubai - United Arab Emirates,+971 52 107 8870,3.8,,https://www.google.com/maps/place/The+View+Restaurant+Dubai/data=!4m7!3m6!1s0x3e5f4330d2ce4335:0x314be8937c9390cd!8m2!3d25.2114848!4d55.2743482!16s%2Fg%2F11s9h66w_x!19sChIJNUPO0jBDXz4RzZCTfJPoSzE?authuser=0&hl=en&rclk=1,http://www.emiratesgrandhotel.com/,https://www.instagram.com/emiratesgrandhotels/
Calabar Aroma Restaurant Dubai,African restaurant,Emirates Financial Towers - Trade Centre - DIFC - Dubai - United Arab Emirates,+971 56 488 1114,4.6,https://order.calabararomadubai.net/,https://www.google.com/maps/place/Calabar+Aroma+Restaurant+Dubai/data=!4m7!3m6!1s0x3e5f4395f85c482d:0x1820343dc4223164!8m2!3d25.2085919!4d55.2765573!16s%2Fg%2F11swn788qc!19sChIJLUhc-JVDXz4RZDEixD00IBg?authuser=0&hl=en&rclk=1,https://order.calabararomadubai.net/,https://www.instagram.com/calabararomadxb/
Amritsr Restaurant Al Attar Center- Indian Restaurant in Dubai,Restaurant,Al Attar Center - 318-836 - Al Karama - Dubai - United Arab Emirates,+971 4 327 8622,4.6,http://www.amritsruae.com/menu.html,https://www.google.com/maps/place/Amritsr+Restaurant+Al+Attar+Center-+Indian+Restaurant+in+Dubai/data=!4m7!3m6!1s0x3e5f43ce12980285:0x8ba79d7bd6d82c94!8m2!3d25.247867!4d55.3004925!16s%2Fg%2F11h4t6gqf3!19sChIJhQKYEs5DXz4RlCzY1nudp4s?authuser=0&hl=en&rclk=1,http://www.amritsruae.com/,https://www.instagram.com/amritsruae/
The Restaurant at Address Fountain Views,Restaurant,Address Fountain Views - Level 12 - Sheikh Mohammed Bin Rashed Boulevard - Downtown Dubai - Dubai - United Arab Emirates,+971 4 245 8888,4.7,,https://www.google.com/maps/place/The+Restaurant+at+Address+Fountain+Views/data=!4m7!3m6!1s0x3e5f69a05da05715:0x1fad4dfc6c957681!8m2!3d25.1948595!4d55.2829454!16s%2Fg%2F11l2zm1r_4!19sChIJFVegXaBpXz4RgXaVbPxNrR8?authuser=0&hl=en&rclk=1,https://www.addresshotels.com/en/restaurant/the-restaurant-at-address-fountain-views/,https://www.instagram.com/addresshotels/
Mint Leaf Dubai,Indian restaurant,"Emirates Financial Towers - 15th Floor, South Tower - DIFC - Dubai - United Arab Emirates",+971 4 706 0900,4.6,http://order.chatfood.io/g/mint-leaf-of-london,https://www.google.com/maps/place/Mint+Leaf+Dubai/data=!4m7!3m6!1s0x3e5f428f470fe701:0xf4e538dfa5231870!8m2!3d25.2085919!4d55.2765573!16s%2Fg%2F1q69mjf8s!19sChIJAecPR49CXz4RcBgjpd845fQ?authuser=0&hl=en&rclk=1,http://www.mintleaf.ae/,https://www.instagram.com/mintleafdxb/
The Restaurant At Address Boulevard,,,,4.7,,https://www.google.com/maps/place/The+Restaurant+At+Address+Boulevard/data=!4m7!3m6!1s0x3e5f43934f994f63:0xdde9e870c47406ff!8m2!3d25.2007372!4d55.2763065!16s%2Fg%2F11q24lb20t!19sChIJY0-ZT5NDXz4R_wZ0xHDo6d0?authuser=0&hl=en&rclk=1,https://www.addresshotels.com/en/restaurant/the-restaurant-at-address-boulevard/,https://www.instagram.com/addresshotels/
The Rotisserie,Restaurant,King Salman Bin Abdulaziz Al Saud St - Al Sufouh 2 - Dubai - United Arab Emirates,+971 4 399 9999,4.6,,https://www.google.com/maps/place/The+Rotisserie/data=!4m7!3m6!1s0x3e5f6b46d1a028f1:0xe2d9f2c980fd98b5!8m2!3d25.0996035!4d55.1539771!16s%2Fg%2F11bbwn0y10!19sChIJ8Sig0UZrXz4RtZj9gMny2eI?authuser=0&hl=en&rclk=1,https://www.oneandonlyresorts.com/royal-mirage/dining/the-rotisserie?utm_source=GMBlisting&utm_medium=organic&utm_campaign=OORM-the-rotisserie,https://www.instagram.com/ooroyalmirage/
Mumtaz Mahal Indian Speciality Restaurant | Best Restaurant in Bur Dubai,Indian restaurant,Arabian Courtyard Hotel and Spa - Al Fahidi St - opp. Dubai Museum - Al Fahidi - Dubai - United Arab Emirates,+971 50 450 3794,4.4,,https://www.google.com/maps/place/Mumtaz+Mahal+Indian+Speciality+Restaurant+%7C+Best+Restaurant+in+Bur+Dubai/data=!4m7!3m6!1s0x3e5f433f2ba68747:0xf343f1cb58b5f6d4!8m2!3d25.2626052!4d55.297468!16s%2Fg%2F11b7q14xbn!19sChIJR4emKz9DXz4R1Pa1WMvxQ_M?authuser=0&hl=en&rclk=1,https://www.mumtazmahalrestaurant.com/,https://www.instagram.com/mumtazmahalrestaurant/
CÉ LA VI Dubai,Restaurant,"Tower 2 - Level 54, Address Sky View Hotel - Sheikh Mohammed bin Rashid Blvd - Dubai - United Arab Emirates",+971 4 582 6111,4.4,https://linktr.ee/Celavimenus,https://www.google.com/maps/place/C%C3%89+LA+VI+Dubai/data=!4m7!3m6!1s0x3e5f4332316a067d:0x8191c3616de13503!8m2!3d25.2020725!4d55.2706911!16s%2Fg%2F11fp3j5b40!19sChIJfQZqMTJDXz4RAzXhbWHDkYE?authuser=0&hl=en&rclk=1,https://www.celavi.com/en/dubai/,https://www.instagram.com/celavidubai/
Al Shorfa Restaurant & Cafe,Restaurant,"Trident Grand Residence Tower, Opp. Le Royal Meridien Hotel، JBR - Dubai - United Arab Emirates",+971 4 452 5254,4.2,https://www.alshorfadubai.ae/menu,https://www.google.com/maps/place/Al+Shorfa+Restaurant+%26+Cafe/data=!4m7!3m6!1s0x3e5f43176659749b:0x221c23492d75786c!8m2!3d25.0833176!4d55.140882!16s%2Fg%2F11b6x_b2gz!19sChIJm3RZZhdDXz4RbHh1LUkjHCI?authuser=0&hl=en&rclk=1,http://www.alshorfadubai.ae/,https://www.instagram.com/alshorfadubai/
LAO Dubai,Southeast Asian restaurant,East - Crescent Rd - The Palm Jumeirah - Dubai - United Arab Emirates,+971 4 818 2157,4.6,https://fbwapalm.wixsite.com/laodubai,https://www.google.com/maps/place/LAO+Dubai/data=!4m7!3m6!1s0x3e5f6ac50922a855:0x24251e75c44464aa!8m2!3d25.1342914!4d55.1507935!16s%2Fg%2F11bbwn55vn!19sChIJVagiCcVqXz4RqmRExHUeJSQ?authuser=0&hl=en&rclk=1,https://linktr.ee/lao.dubai,https://www.instagram.com/lao.dubai/
The Restaurant At Address Downtown,Restaurant,"Lobby Level, Address Downtown Sheikh Mohammed Bin Rashed Boulevard, Downtown Dubai, 123234 - Dubai - United Arab Emirates",+971 4 436 8888,4.7,,https://www.google.com/maps/place/The+Restaurant+At+Address+Downtown/data=!4m7!3m6!1s0x3e5f6828e50a0e99:0xbd45890006497b3e!8m2!3d25.1946108!4d55.2790977!16s%2Fg%2F11f26l_w3v!19sChIJmQ4K5ShoXz4RPntJBgCJRb0?authuser=0&hl=en&rclk=1,http://www.addresshotels.com/,https://www.instagram.com/addresshotels/
Mama'esh Business Bay ممائيش الخليج التجاري,Middle Eastern restaurant,"BAYSWATER TOWER, WATERFRONT, NEXT TO DUBAI ISLAMIC BANK - Marasi Dr - Dubai - United Arab Emirates",+971 600 548287,4.6,https://www.mamaesh.com/menu-en,https://www.google.com/maps/place/Mama%27esh+Business+Bay+%D9%85%D9%85%D8%A7%D8%A6%D9%8A%D8%B4+%D8%A7%D9%84%D8%AE%D9%84%D9%8A%D8%AC+%D8%A7%D9%84%D8%AA%D8%AC%D8%A7%D8%B1%D9%8A%E2%80%AD/data=!4m7!3m6!1s0x3e5f69cd9d534181:0x145c522ff864e905!8m2!3d25.184047!4d55.264635!16s%2Fg%2F11b8zhn4df!19sChIJgUFTnc1pXz4RBelk-C9SXBQ?authuser=0&hl=en&rclk=1,http://www.mamaesh.com/,https://www.instagram.com/mamaeshme/
KRASOTA Dubai restaurant,Restaurant,Address Downtown Hotel - G Floor Sheikh Mohammed bin Rashid Blvd - Downtown Dubai - Dubai - United Arab Emirates,+971 4 433 1258,4.9,http://places.singleplatform.com/krasota-dubai/menu?ref=google,https://www.google.com/maps/place/KRASOTA+Dubai+restaurant/data=!4m7!3m6!1s0x3e5f69fc79e79337:0x88479c965c0e4f24!8m2!3d25.1938578!4d55.2791595!16s%2Fg%2F11shnpk_kk!19sChIJN5PnefxpXz4RJE8OXJacR4g?authuser=0&hl=en&rclk=1,https://krasota.art/general-information,https://www.instagram.com/krasota.restaurant.dubai/
The Nice Guy,Restaurant,"Sheikh Zayed Road, Ground Level, The Boulevard, Emirates Towers - Dubai - United Arab Emirates",+971 4 276 9888,4.4,,https://www.google.com/maps/place/The+Nice+Guy/data=!4m7!3m6!1s0x3e5f434b4881edfb:0x7814da3617ddcd22!8m2!3d25.2171064!4d55.2826107!16s%2Fg%2F11s60h521n!19sChIJ--2BSEtDXz4RIs3dFzbaFHg?authuser=0&hl=en&rclk=1,https://hwoodgroup.com/venue/the-nice-guy-dubai/,https://www.instagram.com/hwoodgroup/
Carnival by Trèsind Restaurant & Bar,Restaurant,The Buildings by Daman - 312 Al Sa'ada Street - Za'abeel - DIFC - Dubai - United Arab Emirates,+971 52 242 4262,4.5,https://carnivalbytresind.com/menu/,https://www.google.com/maps/place/Carnival+by+Tr%C3%A8sind+Restaurant+%26+Bar/data=!4m7!3m6!1s0x3e5f429031bbeda3:0x9790a3fc5cab2ad4!8m2!3d25.2116863!4d55.28187!16s%2Fg%2F11cn6hkg4t!19sChIJo-27MZBCXz4R1CqrXPyjkJc?authuser=0&hl=en&rclk=1,http://www.carnivalbytresind.com/,https://www.instagram.com/carnivalbytresind/?hl=en
The Talk Restaurant,Continental restaurant,The Walk at - Jumeirah Beach Residence - Dubai - United Arab Emirates,+971 4 449 8888,4.1,https://movenpick.accor.com/en/middle-east/uae/dubai/hotel-dubai-jumeirah-beach/restaurants/the-talk-restaurant.html?utm_source=google+Maps&utm_medium=seo+maps&utm_content=restaurant-B4I9-the_talk&utm_campaign=seo+maps,https://www.google.com/maps/place/The+Talk+Restaurant/data=!4m7!3m6!1s0x3e5f14ab3babd8eb:0xc5ea6b49be930866!8m2!3d25.0802555!4d55.1368446!16s%2Fg%2F11bbwpk9vc!19sChIJ69irO6sUXz4RZgiTvklr6sU?authuser=0&hl=en&rclk=1,https://movenpick.accor.com/en/middle-east/uae/dubai/hotel-dubai-jumeirah-beach/restaurants/the-talk-restaurant.html?utm_source=google+Maps&utm_medium=seo+maps&utm_content=restaurant-B4I9-the_talk&utm_campaign=seo+maps,https://www.instagram.com/movenpickhotels/
"Bombay Brasserie, Taj Dubai",Restaurant,Burj Khalifa St - Business Bay - Dubai - United Arab Emirates,+971 4 438 3222,4.4,,"https://www.google.com/maps/place/Bombay+Brasserie,+Taj+Dubai/data=!4m7!3m6!1s0x3e5f69d454c191bd:0x5557deef6186fead!8m2!3d25.1924605!4d55.2671957!16s%2Fg%2F11gb3vvksj!19sChIJvZHBVNRpXz4Rrf6GYe_eV1U?authuser=0&hl=en&rclk=1",https://www.tajhotels.com/en-in/taj/taj-dubai/restaurants/bombay-brasserie/?utm_source=Google&utm_Campaign=taj-taj-dubai-bombay-brasserie&utm_medium=Local,https://www.instagram.com/tajhotels/?hl=en&sessionId=842c0819-9973-4fa6-8f2c-0e6c51f1d3af.0133bfcc-6868-4669-9f11-574016843b64&jarvisId=8a620a27-17e3-4602-a5a1-4450bf3b1636
Summer Place Dubai,Asian restaurant,Al habtoor City V Hotel Dubai - Dubai - United Arab Emirates,+971 58 216 3407,4.8,https://summerplacebylifestyle.com/menu/,https://www.google.com/maps/place/Summer+Place+Dubai/data=!4m7!3m6!1s0x3e5f697affce1137:0x46af7d57b8bb25f5!8m2!3d25.184524!4d55.2544642!16s%2Fg%2F11m8fzmsgq!19sChIJNxHO_3ppXz4R9SW7uFd9r0Y?authuser=0&hl=en&rclk=1,http://www.summerplacebylifestyle.com/,https://www.instagram.com/summerplacedubai/
Cipriani Dubai,Italian restaurant,DIFC Gate Village 10 - towards DIFC Parking - DIFC - Dubai - United Arab Emirates,+971 4 347 0003,4.2,,https://www.google.com/maps/place/Cipriani+Dubai/data=!4m7!3m6!1s0x3e5f429193b5cc6b:0xe678009aa6ff91b1!8m2!3d25.2139562!4d55.2818597!16s%2Fg%2F11clydmqd7!19sChIJa8y1k5FCXz4RsZH_ppoAeOY?authuser=0&hl=en&rclk=1,http://ciprianidubai.com/,https://www.instagram.com/ciprianidxb/
Asia Asia Dubai Marina,Asian fusion restaurant,"Dubai Marina Mall, 6th Floor, Pier 7 - Sheikh Zayed Rd - Dubai - United Arab Emirates",+971 4 423 8301,4.2,https://www.solutions-leisure.com/wp-content/uploads/2022/02/ONLINE-2023_06_08_AA_P7-A-LA-CARTE-MENU-copy-2.pdf,https://www.google.com/maps/place/Asia+Asia+Dubai+Marina/data=!4m7!3m6!1s0x3e5f6caaeee5df95:0xe85c3924c9d6fb16!8m2!3d25.0761301!4d55.1387721!16s%2Fg%2F11cn6jkh_0!19sChIJld_l7qpsXz4RFvvWySQ5XOg?authuser=0&hl=en&rclk=1,https://www.solutions-leisure.com/venues/asia-asia-pier-7/,https://www.instagram.com/solutionsleisure/
The Boardwalk,Mediterranean restaurant,Dubai Creek Resort - Port Saeed - Dubai - United Arab Emirates,+971 4 205 4647,4.4,https://www.hyattrestaurants.com/en/dining/uae/dubai/the-boardwalk-restaurant-menu?utm_source=google&utm_medium=gmblisting_dxbph&utm_campaign=boardwalk&utm_term=menu,https://www.google.com/maps/place/The+Boardwalk/data=!4m7!3m6!1s0x3e5f5d2386f3a819:0xa1f43e72b95bb5bf!8m2!3d25.2458848!4d55.3313795!16s%2Fg%2F1hd_7jjw7!19sChIJGajzhiNdXz4Rv7VbuXI-9KE?authuser=0&hl=en&rclk=1,https://www.hyattrestaurants.com/en/dining/uae/dubai/mediterranean-restaurant-in-dubai-creek-the-boardwalk?utm_source=google&utm_medium=gmblisting_dxbph&utm_campaign=boardwalk,https://www.instagram.com/boardwalkdubai/
TÀN CHÁ Restaurant,Chinese restaurant,JW Marriott Marquis Hotel - Business Bay - Dubai - United Arab Emirates,+971 56 681 8881,4.8,https://tanchadubai.com/wp-content/uploads/2023/06/Food-Menu-.pdf,https://www.google.com/maps/place/T%C3%80N+CH%C3%81+Restaurant/data=!4m7!3m6!1s0x3e5f699f10878bdd:0x674ca6978c0ddbe3!8m2!3d25.1853949!4d55.2580752!16s%2Fg%2F11spvydy4m!19sChIJ3YuHEJ9pXz4R49sNjJemTGc?authuser=0&hl=en&rclk=1,https://tanchadubai.com/,https://www.instagram.com/tanchadubai/
City Social,Modern European restaurant,Al Emreef St - Dubai Marina - Dubai - United Arab Emirates,+971 4 402 2222,4.6,,https://www.google.com/maps/place/City+Social/data=!4m7!3m6!1s0x3e5f6bf473c71e37:0x328d202d5cfc2d0c!8m2!3d25.0859304!4d55.1436812!16s%2Fg%2F11trfy3jx8!19sChIJNx7Hc_RrXz4RDC38XC0gjTI?authuser=0&hl=en&rclk=1,https://www.citysocialdubai.com/,https://www.instagram.com/citysocial_dubai/
Wakame Dubai,Asian restaurant,3rd Floor – Sofitel Dubai Downtown - Sheikh Zayed Rd - Dubai - United Arab Emirates,+971 4 224 6663,4.5,https://wakame.ae/,https://www.google.com/maps/place/Wakame+Dubai/data=!4m7!3m6!1s0x3e5f427de10d0c61:0x2b2707dbb9e62fff!8m2!3d25.2004238!4d55.2689918!16s%2Fg%2F11bwpz0khl!19sChIJYQwN4X1CXz4R_y_mudsHJys?authuser=0&hl=en&rclk=1,https://wakame.ae/,https://www.instagram.com/wakamedubai/
Praia Dubai Beach Restaurant & Lounge,Restaurant,No. 1 Palm Jumeirah - Dubai - Dubai - United Arab Emirates,+971 58 870 0708,4.8,,https://www.google.com/maps/place/Praia+Dubai+Beach+Restaurant+%26+Lounge/data=!4m7!3m6!1s0x3e5f6b377a8871d1:0x9ece2978c043f88b!8m2!3d25.1036222!4d55.148063!16s%2Fg%2F11f3nm2wt7!19sChIJ0XGIejdrXz4Ri_hDwHgpzp4?authuser=0&hl=en&rclk=1,https://www.praiadxb.com/,https://www.instagram.com/praiadubai/
"The MAINE Land Brasserie, Business Bay Dubai",Restaurant,The Opus by Omniyat - Ground Floor - Al A'amal St - Dubai - United Arab Emirates,+971 4 577 6680,4.7,https://www.themainelandbrasserie.com/a-la-carte-menu,"https://www.google.com/maps/place/The+MAINE+Land+Brasserie,+Business+Bay+Dubai/data=!4m7!3m6!1s0x3e5f69dad6dda6a5:0x9fb22372a58d038f!8m2!3d25.1884918!4d55.267011!16s%2Fg%2F11j0b3fgk7!19sChIJpabd1tppXz4RjwONpXIjsp8?authuser=0&hl=en&rclk=1",https://themaine.ae/landbrasserie,https://www.instagram.com/themainedxb/
Peppercrab,Singaporean restaurant,Grand Hyatt Dubai Convention Centre - Sheikh Rashid Rd - Umm Hurair 2 - Dubai - United Arab Emirates,+971 4 317 2221,4.4,https://www.hyattrestaurants.com/en/dining/uae/dubai/peppercrab-restaurant-menu?utm_source=gmblisting_dxbgh&utm_medium=peppercrab_menu&utm_campaign=GMB,https://www.google.com/maps/place/Peppercrab/data=!4m7!3m6!1s0x3e5f6788de778901:0x3375368dbf30d365!8m2!3d25.2284901!4d55.3284997!16s%2Fg%2F1vtqtkvh!19sChIJAYl33ohnXz4RZdMwv402dTM?authuser=0&hl=en&rclk=1,https://www.hyattrestaurants.com/en/dining/uae/dubai/seafood-restaurant-in-garhoud-peppercrab?utm_source=gmblisting_dxbgh&utm_medium=peppercrab&utm_campaign=GMB,https://www.instagram.com/eatgrand.dxb/
Moonrise,Restaurant,"Eden House, Al Satwa - Al Satwa - Dubai - United Arab Emirates",+971 50 697 2946,4.9,,https://www.google.com/maps/place/Moonrise/data=!4m7!3m6!1s0x3e5f43ecbdcba24b:0xf7ec4873dceff450!8m2!3d25.2191826!4d55.2772754!16s%2Fg%2F11qg0t4rwm!19sChIJS6LLvexDXz4RUPTv3HNI7Pc?authuser=0&hl=en&rclk=1,http://www.moon-rise.xyz/,https://www.instagram.com/moonrise.xyz/
Dinner In The Sky,Restaurant,Al Sufoh - Al Seyahi St - next to zero gravity - Skydive - Dubai - United Arab Emirates,+971 58 819 3296,4.7,https://dinnerinthesky.ae/our-menu,https://www.google.com/maps/place/Dinner+In+The+Sky/data=!4m7!3m6!1s0x3e5f6b51f96dd7bb:0xdebd90bc06fbd3b7!8m2!3d25.089669!4d55.1369327!16s%2Fg%2F11c3281sh0!19sChIJu9dt-VFrXz4Rt9P7BryQvd4?authuser=0&hl=en&rclk=1,https://dinnerinthesky.ae/,
Shang Palace Dubai,Chinese restaurant,Shangri-La Hotel Dubai - Sheikh Zayed Rd - Dubai - United Arab Emirates,+971 4 405 2760,4.5,"http://www.shangri-la.com/uploadedFiles/Shangri-la_Hotels/Dubai,_Shangri-La/dining/restaurants/shang-palace/Shang%20Palace%20A%20La%20Carte%20-%20V14%20-%20Feb%204.pdf",https://www.google.com/maps/place/Shang+Palace+Dubai/data=!4m7!3m6!1s0x3e5f43788b6530f7:0xc125db7f0a0769aa!8m2!3d25.2084696!4d55.2719917!16s%2Fg%2F11h1z2t6n2!19sChIJ9zBli3hDXz4RqmkHCn_bJcE?authuser=0&hl=en&rclk=1,https://www.shangpalacedubai.com/,
مطعم سرجون دبي Sargon Restaurant Dubai,Restaurant,Yansoon 9 - Opposite to Address Downtown Hotel - Emaar Blvd - Dubai - United Arab Emirates,+971 4 514 8123,4.3,,https://www.google.com/maps/place/%D9%85%D8%B7%D8%B9%D9%85+%D8%B3%D8%B1%D8%AC%D9%88%D9%86+%D8%AF%D8%A8%D9%8A+Sargon+Restaurant+Dubai%E2%80%AD/data=!4m7!3m6!1s0x3e5f6828c9e260c3:0xa44b30784a0dc465!8m2!3d25.1928689!4d55.279545!16s%2Fg%2F11zn6d_tz!19sChIJw2DiyShoXz4RZcQNSngwS6Q?authuser=0&hl=en&rclk=1,,
TANGERINE RESTAURANT L.L.C,Thai restaurant,"Executive Towers, Lake Side Right, G 98-99 - Dubai - United Arab Emirates",+971 55 302 4230,4.3,,https://www.google.com/maps/place/TANGERINE+RESTAURANT+L.L.C/data=!4m7!3m6!1s0x3e5f69303f05b583:0xe9278dd530abb1e7!8m2!3d25.1892719!4d55.2650903!16s%2Fg%2F1hf6y6g59!19sChIJg7UFPzBpXz4R57GrMNWNJ-k?authuser=0&hl=en&rclk=1,http://www.tangerinedubai.com/,
Bice Mare Restaurant,Italian restaurant,Souk Al Bahar - Downtown Dubai - Dubai - United Arab Emirates,+971 4 423 0982,4.6,,https://www.google.com/maps/place/Bice+Mare+Restaurant/data=!4m7!3m6!1s0x3e5f68299ccbf28d:0x93d89847470ba3e0!8m2!3d25.195128!4d55.276509!16s%2Fg%2F1hf2xzs4j!19sChIJjfLLnCloXz4R4KMLR0eY2JM?authuser=0&hl=en&rclk=1,https://www.bicemare.com/,
Pier 7,Food court,Marina Promenade - Sheikh Zayed Rd - Dubai Marina - Dubai - United Arab Emirates,+971 4 436 1020,4.6,,https://www.google.com/maps/place/Pier+7/data=!4m7!3m6!1s0x3e5f6caac06977b9:0x1cd6f895f077a119!8m2!3d25.0761911!4d55.1387826!16s%2Fg%2F11b5wn2g4c!19sChIJuXdpwKpsXz4RGaF38JX41hw?authuser=0&hl=en&rclk=1,http://www.pier7.ae/,
ROKA Dubai,Japanese restaurant,The Opus by Omniyat Level 1 - Business Bay - Dubai - United Arab Emirates,+971 4 439 7171,4.5,https://www.rokarestaurant.com/en/roka-business-bay-dubai/menu,https://www.google.com/maps/place/ROKA+Dubai/data=!4m7!3m6!1s0x3e5f6921e793d3a9:0xf415662584a00660!8m2!3d25.1887385!4d55.2670884!16s%2Fg%2F11frjksssv!19sChIJqdOT5yFpXz4RYAaghCVmFfQ?authuser=0&hl=en&rclk=1,https://www.rokarestaurant.com/en/roka-business-bay-dubai?utm_source=InfoButtonClick&utm_medium=Home&utm_campaign=GoogleBusinessProfile,
Indego by Vineet,Indian restaurant,Grosvenor House Dubai - Al Emreef St - Dubai - United Arab Emirates,+971 4 317 6000,4.5,https://www.indegobyvineet.com/our-menus,https://www.google.com/maps/place/Indego+by+Vineet/data=!4m7!3m6!1s0x3e5f6b516610ff57:0x6b15210172932520!8m2!3d25.0850603!4d55.1437092!16s%2Fg%2F11r8jqq_0!19sChIJV_8QZlFrXz4RICWTcgEhFWs?authuser=0&hl=en&rclk=1,http://www.indegobyvineet.com/,
Atmosphere Burj Khalifa,Restaurant,Burj Khalifa - 122nd Floor - Downtown Dubai - Dubai - United Arab Emirates,+971 4 888 3828,4.4,,https://www.google.com/maps/place/Atmosphere+Burj+Khalifa/data=!4m7!3m6!1s0x3e5f428195853ce1:0xb78431d8b2f4c734!8m2!3d25.1974023!4d55.2744014!16s%2Fg%2F11b7l8tpjf!19sChIJ4TyFlYFCXz4RNMf0stgxhLc?authuser=0&hl=en&rclk=1,http://atmosphereburjkhalifa.com/,
iZ,Indian restaurant,Grand Hyatt Dubai Convention Centre - Sheikh Rashid Rd - Umm Hurair 2 - Dubai - United Arab Emirates,+971 4 317 2221,4.3,,https://www.google.com/maps/place/iZ/data=!4m7!3m6!1s0x3e5f5d46f9d4d9f5:0x998d360fd62174b2!8m2!3d25.2281842!4d55.3279229!16s%2Fg%2F11h0j09_t!19sChIJ9dnU-UZdXz4RsnQh1g82jZk?authuser=0&hl=en&rclk=1,https://www.hyattrestaurants.com/en/dining/uae/dubai/indian-restaurant-in-garhoud-iZ,
Benjarong,Thai restaurant,Dusit Thani Dubai - 24th floor - Sheikh Zayed Rd - Dubai - United Arab Emirates,+971 54 990 8007,4.6,https://www.zomato.com/dubai/benjarong-dusit-thani-dubai-trade-centre-area/menu,https://www.google.com/maps/place/Benjarong/data=!4m7!3m6!1s0x3e5f42862cbec2ab:0xd6755c74d82c57bc!8m2!3d25.2061!4d55.2729!16s%2Fg%2F1hd_dzglw!19sChIJq8K-LIZCXz4RvFcs2HRcddY?authuser=0&hl=en&rclk=1,https://www.dusit.com/dusitthani-dubai/dining/benjarong/,
The Artisan Dubai,Italian restaurant,Waldorf Astoria - Za'abeel - DIFC - Dubai - United Arab Emirates,+971 4 338 8133,4.5,http://www.theartisan.ae/wp-content/uploads/2016/03/The-Artisan-A-La-Carte-Menu.pdf,https://www.google.com/maps/place/The+Artisan+Dubai/data=!4m7!3m6!1s0x3e5f429047892779:0x3393c4df21d87c51!8m2!3d25.2110726!4d55.2818171!16s%2Fg%2F11cm09jl6x!19sChIJeSeJR5BCXz4RUXzYId_EkzM?authuser=0&hl=en&rclk=1,https://www.theartisan.ae/,
24th St. World Street Food Dubai,Restaurant,Dusit Thani Dubai - 24th Floor - 133 Sheikh Zayed Rd - Trade Centre - DIFC - Dubai - United Arab Emirates,+971 4 317 4515,4.7,https://www.zomato.com/dubai/24th-st-trade-centre-area/menu,https://www.google.com/maps/place/24th+St.+World+Street+Food+Dubai/data=!4m7!3m6!1s0x3e5f430cb8edde57:0x15762ce63df36c8f!8m2!3d25.2061!4d55.2729!16s%2Fg%2F11gnc_7r1y!19sChIJV97tuAxDXz4Rj2zzPeYsdhU?authuser=0&hl=en&rclk=1,https://www.dusit.com/dusitthani-dubai/dining/,
Green Kitchen Restaurant,Restaurant,34th street Opp flora creek hotel apartments - Dubai - United Arab Emirates,+971 52 370 5936,4.9,,https://www.google.com/maps/place/Green+Kitchen+Restaurant/data=!4m7!3m6!1s0x3e5f4287f20e86fb:0xa0196c9e5f57b019!8m2!3d25.2061862!4d55.2700779!16s%2Fg%2F11g02vw3df!19sChIJ-4YO8odCXz4RGbBXX55sGaA?authuser=0&hl=en&rclk=1,,
The Executive Lunchbox Restaurant,Restaurant,Corniche Deira - Dubai - United Arab Emirates OSHA PLAZA BUILDING NO. 3 - Dubai - United Arab Emirates,+971 56 893 5784,5,,https://www.google.com/maps/place/The+Executive+Lunchbox+Restaurant/data=!4m7!3m6!1s0x3e5f431929816729:0x877f655b01a2368e!8m2!3d25.2773802!4d55.3029924!16s%2Fg%2F11kpjmhd9r!19sChIJKWeBKRlDXz4RjjaiAVtlf4c?authuser=0&hl=en&rclk=1,http://www.thelunchbox-me.com/,
Rhodes Twenty10,Restaurant,Le Royal Meridien Beach Resort & Spa - Al Mamsha St - Dubai Marina - Dubai - United Arab Emirates,+971 4 316 5550,4.6,http://www.rhodestwenty10.com/en/menu,https://www.google.com/maps/place/Rhodes+Twenty10/data=!4m7!3m6!1s0x3e5f6b531eaaa645:0x943ba742d3e905f4!8m2!3d25.0844648!4d55.1392756!16s%2Fg%2F1thl3xb7!19sChIJRaaqHlNrXz4R9AXp00KnO5Q?authuser=0&hl=en&rclk=1,http://www.rhodestwenty10.com/,
Miss Tess,Restaurant,Taj Dubai - Burj Khalifa St - Business Bay - Dubai - United Arab Emirates,+971 50 189 6089,4.4,https://www.misstessdubai.com/menu/,https://www.google.com/maps/place/Miss+Tess/data=!4m7!3m6!1s0x3e5f6935963833ef:0xab9d9bbd18ef78a6!8m2!3d25.1921623!4d55.2674009!16s%2Fg%2F11gbl1_s0r!19sChIJ7zM4ljVpXz4RpnjvGL2bnas?authuser=0&hl=en&rclk=1,https://www.misstessdubai.com/,
Ninive,Middle Eastern restaurant,Emirates Towers Hotel - Sheikh Zayed Rd - Dubai - United Arab Emirates,+971 4 326 6105,4.2,,https://www.google.com/maps/place/Ninive/data=!4m7!3m6!1s0x3e5f4292f3e427a5:0xedf25581a21a4787!8m2!3d25.2174827!4d55.2831415!16s%2Fg%2F11f__68lwd!19sChIJpSfk85JCXz4Rh0caooFV8u0?authuser=0&hl=en&rclk=1,https://ninive.ae/,
Maiden Shanghai | Chinese restaurant in Dubai,Chinese restaurant,No 1 Palm - Jumeirah Dubai - Dubai - United Arab Emirates,+971 4 455 9989,4.7,https://five.kitchen/ms/,https://www.google.com/maps/place/Maiden+Shanghai+%7C+Chinese+restaurant+in+Dubai/data=!4m7!3m6!1s0x3e5f6b44df74b007:0xcd0a432a89b7379c!8m2!3d25.1039811!4d55.1488481!16s%2Fg%2F11dft0nc5q!19sChIJB7B030RrXz4RnDe3iSpDCs0?authuser=0&hl=en&rclk=1,https://palmjumeirah.fivehotelsandresorts.com/eat-drink/maiden-shanghai,
Chinmark Restaurant (Marina),Restaurant,"shop 5&6 Marina Hotel Apartment, Marina dubai marina marina walk - Dubai - United Arab Emirates",+971 4 388 2021,4.4,,https://www.google.com/maps/place/Chinmark+Restaurant+%28Marina%29/data=!4m7!3m6!1s0x3e5f6b13e2049e7f:0xb9afad1b6dc135d0!8m2!3d25.0823096!4d55.1454761!16s%2Fg%2F11qnbm4_ll!19sChIJf54E4hNrXz4R0DXBbRutr7k?authuser=0&hl=en&rclk=1,,
"The Lobby Lounge, Dusit Thani Dubai",Restaurant,Dusit Thani Dubai - 133 Sheikh Zayed Rd - Trade Centre - DIFC - Dubai - United Arab Emirates,,4.9,https://www.zomato.com/dubai/the-lobby-lounge-dusit-thani-dubai-trade-centre-area/menu,"https://www.google.com/maps/place/The+Lobby+Lounge,+Dusit+Thani+Dubai/data=!4m7!3m6!1s0x3e5f43ab840832dd:0x79518d24a6e6aba9!8m2!3d25.2064494!4d55.2728966!16s%2Fg%2F11ryll4xn9!19sChIJ3TIIhKtDXz4RqavmpiSNUXk?authuser=0&hl=en&rclk=1",https://www.dusit.com/dusitthani-dubai/dining/,
Tribes Dubai Mall,African restaurant,"Level 2, Star Atrium, above apple store, The Dubai Mall - Dubai - United Arab Emirates",+971 4 226 4974,4.5,https://www.tribesrestaurant.com/,https://www.google.com/maps/place/Tribes+Dubai+Mall/data=!4m7!3m6!1s0x3e5f6829c9cd5d15:0xcb6b6db670df3d1d!8m2!3d25.19598!4d55.277607!16s%2Fg%2F11dxjx56km!19sChIJFV3NySloXz4RHT3fcLZta8s?authuser=0&hl=en&rclk=1,https://www.tribesrestaurant.com/,
KIZA Restaurant & Lounge - Pan African Cuisine,African restaurant,Emirates Financial Towers - Ground floor - Sheikh Zayed Rd - DIFC - Dubai - United Arab Emirates,+971 4 453 9038,4.5,https://kiza.ae/wp-content/uploads/2023/05/KIZA-A-La-Carte-Menu.pdf,https://www.google.com/maps/place/KIZA+Restaurant+%26+Lounge+-+Pan+African+Cuisine/data=!4m7!3m6!1s0x3e5f42d29b5db119:0xb184a924c252d173!8m2!3d25.2085919!4d55.2765573!16s%2Fg%2F11cfhbqph!19sChIJGbFdm9JCXz4Rc9FSwiSphLE?authuser=0&hl=en&rclk=1,http://kiza.ae/,
PEPPERS NASHVILLE HOT CHICKEN,Restaurant,"The Dubai Mall, Second Floor, Zabeel Extension - Dubai - United Arab Emirates",+971 4 333 6077,4.4,,https://www.google.com/maps/place/PEPPERS+NASHVILLE+HOT+CHICKEN/data=!4m7!3m6!1s0x3e5f437705191241:0xce60f684d99236b8!8m2!3d25.1996454!4d55.2827128!16s%2Fg%2F11fpp66h2x!19sChIJQRIZBXdDXz4RuDaS2YT2YM4?authuser=0&hl=en&rclk=1,,
jones the grocer Dusit Thani Hotel,Australian restaurant,Dusit Thani Dubai - 133 Sheikh Zayed Rd - Trade Centre - DIFC - Dubai - United Arab Emirates,+971 4 317 4457,4.6,https://www.zomato.com/dubai/jones-the-grocer-dusit-thani-dubai-trade-centre-area/menu,https://www.google.com/maps/place/jones+the+grocer+Dusit+Thani+Hotel/data=!4m7!3m6!1s0x3e5f42862b4a6c3d:0xae980e8286ecc44c!8m2!3d25.2064494!4d55.2728966!16s%2Fg%2F11clvt93cp!19sChIJPWxKK4ZCXz4RTMTshoIOmK4?authuser=0&hl=en&rclk=1,http://www.jonesthegrocer.com/,
Belcanto Restaurant at Dubai Opera,Italian restaurant,Sheikh Mohammed bin Rashid Blvd - Downtown Dubai - Dubai - United Arab Emirates,+971 4 456 0936,4.7,https://www.belcantorest.com/_files/ugd/b64359_0288981e600c4633aa63d909b8fc3f43.pdf,https://www.google.com/maps/place/Belcanto+Restaurant+at+Dubai+Opera/data=!4m7!3m6!1s0x3e5f69923a6dd2f5:0xa4dd23dfbeda42f8!8m2!3d25.1956924!4d55.2716424!16s%2Fg%2F11sfqd5rft!19sChIJ9dJtOpJpXz4R-ELavt8j3aQ?authuser=0&hl=en&rclk=1,,
GIA,Italian restaurant,Unit GF - 320 New Fashion Avenue - Dubai Mall - Financial Center Rd - Dubai - United Arab Emirates,+971 4 234 9986,4.8,http://fndn.mn/gia-dubai/s,https://www.google.com/maps/place/GIA/data=!4m7!3m6!1s0x3e5f6829dc6e8a3f:0x91a7a6821d362108!8m2!3d25.1971421!4d55.2759743!16s%2Fg%2F11gf0zxkng!19sChIJP4pu3CloXz4RCCE2HYKmp5E?authuser=0&hl=en&rclk=1,http://www.instagram.com/gia.dubai,
"The Crossing, Indian Fine Dining",Indian restaurant,H Dubai - 1 Sheikh Zayed Rd - Dubai - United Arab Emirates,+971 4 491 9695,4.9,https://crossingtherestaurant.com/a-la-carte/,"https://www.google.com/maps/place/The+Crossing,+Indian+Fine+Dining/data=!4m7!3m6!1s0x3e5f437886567ea9:0x2a8a22db5574a9eb!8m2!3d25.2303197!4d55.2871379!16s%2Fg%2F11pl6dfrhq!19sChIJqX5WhnhDXz4R66l0Vdsiiio?authuser=0&hl=en&rclk=1",https://crossingtherestaurant.com/reservation/,
Sardina Seafood Restaurant,Seafood restaurant,"Opposite Jumeirah Beach Resort - The Mall, 1st Floor - Jumeirah St - Umm Suqeim 3 - Dubai - United Arab Emirates",+971 4 339 0444,4.8,https://sardina.ae/images/Sardina-menu.pdf,https://www.google.com/maps/place/Sardina+Seafood+Restaurant/data=!4m7!3m6!1s0x3e5f4200f439c101:0x1f34f5fc54a81ee9!8m2!3d25.140133!4d55.1913472!16s%2Fg%2F11f3g6vj3t!19sChIJAcE59ABCXz4R6R6oVPz1NB8?authuser=0&hl=en&rclk=1,https://sardina.ae/,
C Restaurant,Restaurant,14 Sheikh Zayed Rd - Trade Centre - Trade Centre 1 - Dubai - United Arab Emirates,+971 54 501 4111,4.8,,https://www.google.com/maps/place/C+Restaurant/data=!4m7!3m6!1s0x3e5f431b8cecb257:0x4951bb4e27f10902!8m2!3d25.2283589!4d55.2860823!16s%2Fg%2F11m2_3k70s!19sChIJV7LsjBtDXz4RAgnxJ067UUk?authuser=0&hl=en&rclk=1,http://c-restaurant.com/,
Social House,Restaurant,level LG - Unit LG - 100 - B - Financial Center Rd - Downtown Dubai - Dubai Mall - Dubai - United Arab Emirates,+971 52 972 5541,4.8,http://fndn.mn/social-house-1/s,https://www.google.com/maps/place/Social+House/data=!4m7!3m6!1s0x3e5f42827d07950f:0x8e791941e235859c!8m2!3d25.1961549!4d55.2775404!16s%2Fg%2F1hd_h2v43!19sChIJD5UHfYJCXz4RnIU14kEZeY4?authuser=0&hl=en&rclk=1,https://weareanother.me/brands/social-house,
The Spice Tree,Indian restaurant,68X2+X7H - 1st Floor - Sheikh Khalifa Bin Zayed St - Al Mankhool - Dubai - United Arab Emirates,+971 50 387 2085,4.4,https://bit.ly/TheSpiceTreeMenu,https://www.google.com/maps/place/The+Spice+Tree/data=!4m7!3m6!1s0x3e5f43394dd71623:0x48c21211ff7d033c!8m2!3d25.2504712!4d55.3009298!16s%2Fg%2F11rgrs3cxc!19sChIJIxbXTTlDXz4RPAN9_xESwkg?authuser=0&hl=en&rclk=1,,
Roobaru,Indian restaurant,DT1 Residential Tower - Burj Khalifa Blvd - Dubai - United Arab Emirates,+971 54 776 6384,4.7,https://www.zomato.com/dubai/roobaru-downtown-dubai/menu,https://www.google.com/maps/place/Roobaru/data=!4m7!3m6!1s0x3e5f69699d76f1c9:0x351381c66a8140ba!8m2!3d25.191637!4d55.2697906!16s%2Fg%2F11p65_12q4!19sChIJyfF2nWlpXz4RukCBasaBEzU?authuser=0&hl=en&rclk=1,http://www.roobaru-me.com/,
La Casa Del Tango Restaurant & Bar,Restaurant,"North Zone, Gate Avenue - Unit 07 - DIFC - Dubai - United Arab Emirates",+971 52 486 9301,4.7,,https://www.google.com/maps/place/La+Casa+Del+Tango+Restaurant+%26+Bar/data=!4m7!3m6!1s0x3e5f43b3cfbad4e9:0x46df8e9bf7442283!8m2!3d25.2132833!4d55.2807201!16s%2Fg%2F11n37wdl1r!19sChIJ6dS6z7NDXz4RgyJE95uO30Y?authuser=0&hl=en&rclk=1,https://lcdtango.com/,
Leen's DIFC / Emirates Towers,Restaurant,"Emirates Towers Office, Lobby reception - Sheikh Zayed Rd - Dubai - United Arab Emirates",+971 4 388 0553,4.7,https://www.leens.com/leensetmenu,https://www.google.com/maps/place/Leen%27s+DIFC+%2F+Emirates+Towers/data=!4m7!3m6!1s0x3e5f43309c108193:0x1e02f81e27a5a72c!8m2!3d25.2175108!4d55.2827023!16s%2Fg%2F11jg0kdkxf!19sChIJk4EQnDBDXz4RLKelJx74Ah4?authuser=0&hl=en&rclk=1,http://www.leens.com/,
Mundo,Restaurant,"Lobby Level, Jumeirah Emirates Towers - Dubai - United Arab Emirates",+971 4 330 0000,4.4,,https://www.google.com/maps/place/Mundo/data=!4m7!3m6!1s0x3e5f429293ffbfcf:0x845692d30b968381!8m2!3d25.217603!4d55.282821!16s%2Fg%2F11cs5_r8vg!19sChIJz7__k5JCXz4RgYOWC9OSVoQ?authuser=0&hl=en&rclk=1,https://www.jumeirah.com/en/dine/dubai/emirates-mundo?utm_source=google&utm_medium=google%20places&utm_campaign=restaurant,
Prime68 Steakhouse,Steak house,JW Marriott Marquis Dubai - 68th - Sheikh Zayed Rd - Business Bay - Dubai - United Arab Emirates,+971 4 414 3000,4.5,https://www.morecravings.com/en/menus/755,https://www.google.com/maps/place/Prime68+Steakhouse/data=!4m7!3m6!1s0x3e5f69da14874f95:0x9cfada05e7980ed3!8m2!3d25.1854406!4d55.2579987!16s%2Fg%2F11bbwpmdy4!19sChIJlU-HFNppXz4R0w6Y5wXa-pw?authuser=0&hl=en&rclk=1,https://www.marriott.com/en-us/hotels/dxbjw-jw-marriott-marquis-hotel-dubai/dining/explore-culinary-delights/prime68/,
"Kasthamandap Restaurant UAE,Dubai",Fine dining restaurant,Al Ghubaiba Rd - Al Fahidi - Dubai - United Arab Emirates,+971 56 188 1019,5,,"https://www.google.com/maps/place/Kasthamandap+Restaurant+UAE,Dubai/data=!4m7!3m6!1s0x3e5f43d0d413e4af:0xbd521922b89abfc8!8m2!3d25.2629974!4d55.2873255!16s%2Fg%2F11vkhwbd82!19sChIJr-QT1NBDXz4RyL-auCIZUr0?authuser=0&hl=en&rclk=1",https://kasthamandap-restaurant.com/,
Pin code,Indian restaurant,673C+W8M - Dubai - United Arab Emirates,+92 312 3901312,3.6,,https://www.google.com/maps/place/Pin+code/data=!4m7!3m6!1s0x3e5f43de5924da4d:0xe8c4cb5772a7952f!8m2!3d25.2048493!4d55.2707828!16s%2Fg%2F11kj9kpl_w!19sChIJTdokWd5DXz4RL5WnclfLxOg?authuser=0&hl=en&rclk=1,https://www.dubaitravelbook.com/,
SpiceKlub - Best Indian Vegetarian Restaurant Dubai,Indian restaurant,"Shop 2B, Al Rafaa C Building, Opp Aster Hospital - Kuwait St - Al Mankhool - Dubai - United Arab Emirates",+971 4 393 1233,4.4,https://spiceklub.ae/our-menus/,https://www.google.com/maps/place/SpiceKlub+-+Best+Indian+Vegetarian+Restaurant+Dubai/data=!4m7!3m6!1s0x3e5f43175ef0914b:0xd6b71c23b139d294!8m2!3d25.2520594!4d55.2881501!16s%2Fg%2F11c2p5c7yr!19sChIJS5HwXhdDXz4RlNI5sSMct9Y?authuser=0&hl=en&rclk=1,https://spiceklub.ae/,
Dish Dash - Dubai Mall,Restaurant,"Unit LG - 117 - 1 - C [level LG],Unit LG - 117 - 1 ,Unit LG - 117 - B - Financial Center Rd - Downtown Dubai - Dubai - United Arab Emirates",+971 4 557 8901,4.5,,https://www.google.com/maps/place/Dish+Dash+-+Dubai+Mall/data=!4m7!3m6!1s0x3e5f6829ad659617:0x2238aa08b0ae7234!8m2!3d25.1953342!4d55.2791443!16s%2Fg%2F11ggsmmlb7!19sChIJF5ZlrSloXz4RNHKusAiqOCI?authuser=0&hl=en&rclk=1,https://dishdashuae.com/,
Swiss Butter - Sofitel Downtown,Steak house,Sofitel Downtown - Sheikh Zayed Rd - Dubai - United Arab Emirates,+971 4 358 1213,4.5,https://swissbutter.com/uae,https://www.google.com/maps/place/Swiss+Butter+-+Sofitel+Downtown/data=!4m7!3m6!1s0x3e5f43939913c4eb:0x43162180009755d9!8m2!3d25.1997063!4d55.2685559!16s%2Fg%2F11pt_1r52j!19sChIJ68QTmZNDXz4R2VWXAIAhFkM?authuser=0&hl=en&rclk=1,https://swissbutter.com/,
"Mama's Bites Lebanese Restaurant in Dubai, United Arab Emirates",Lebanese restaurant,Central Park DIFC - Dubai - United Arab Emirates,+971 4 266 6262,4.3,https://www.mamasbites.ae/menu/,"https://www.google.com/maps/place/Mama%27s+Bites+Lebanese+Restaurant+in+Dubai,+United+Arab+Emirates/data=!4m7!3m6!1s0x3e5f439eef34b995:0x267d8eff1436757f!8m2!3d25.2068709!4d55.2750541!16s%2Fg%2F11fmmwgs2y!19sChIJlbk0755DXz4Rf3U2FP-OfSY?authuser=0&hl=en&rclk=1",,
Dubai Mall Food Court,Restaurant,57WH+WPJ - Downtown Dubai - Dubai - United Arab Emirates,+971 800 382246255,4.5,,https://www.google.com/maps/place/Dubai+Mall+Food+Court/data=!4m7!3m6!1s0x3e5f682830b7e38f:0xca46568eb7774f7!8m2!3d25.1973296!4d55.2792747!16s%2Fg%2F11c2l01lp_!19sChIJj-O3MChoXz4R93R362hlpAw?authuser=0&hl=en&rclk=1,https://thedubaimall.com/en/dine-directory,
Maison De Curry | Dine-in with the best views of Burj Khalifa & Dubai Fountains,,,,4.9,https://maisondecurry.com/menu/,https://www.google.com/maps/place/Maison+De+Curry+%7C+Dine-in+with+the+best+views+of+Burj+Khalifa+%26+Dubai+Fountains/data=!4m7!3m6!1s0x3e5f696989d96d1f:0xe1c1114ac795be0e!8m2!3d25.1950384!4d55.2761253!16s%2Fg%2F11sb6s5vz5!19sChIJH23ZiWlpXz4RDr6Vx0oRweE?authuser=0&hl=en&rclk=1,https://maisondecurry.com/,
Reef and Beef - Steakhouse Dubai,Restaurant,Manzil Downtown By Vida - Sheikh Mohammed Bin Rashed Boulevard - Downtown Dubai - Dubai - United Arab Emirates,+971 52 233 8473,4.6,https://reefandbeef.ae/wp-content/uploads/2023/11/ReefBeef-Menu.pdf,https://www.google.com/maps/place/Reef+and+Beef+-+Steakhouse+Dubai/data=!4m7!3m6!1s0x3e5f692e55a196e7:0xf960af1cd6cfe78f!8m2!3d25.1915079!4d55.277748!16s%2Fg%2F11twqwmvlh!19sChIJ55ahVS5pXz4Rj-fP1hyvYPk?authuser=0&hl=en&rclk=1,https://reefandbeef.ae/,
Bu Qtair Restaurant,Seafood restaurant,"Old 32B Street, Fishing Harbour 2 - Dubai - United Arab Emirates",+971 55 705 2130,4.1,,https://www.google.com/maps/place/Bu+Qtair+Restaurant/data=!4m7!3m6!1s0x3e5f6a43c0e2b695:0xca1bbe502ba6cf62!8m2!3d25.1515312!4d55.1970825!16s%2Fg%2F11cjvcd25b!19sChIJlbbiwENqXz4RYs-mK1C-G8o?authuser=0&hl=en&rclk=1,https://buqtairrestaurant.com/index,
Hurricane’s Grill Dubai Mall,Steak house,The Dubai Mall - Lower Ground - Shop 205 - Financial Center Rd - Dubai - United Arab Emirates,+971 4 283 1339,4.8,https://hurricanesgrill.ae/menu,https://www.google.com/maps/place/Hurricane%E2%80%99s+Grill+Dubai+Mall/data=!4m7!3m6!1s0x3e5f690ec992b469:0xcb98722b4195278f!8m2!3d25.1970728!4d55.2760175!16s%2Fg%2F11gv199zvv!19sChIJabSSyQ5pXz4RjyeVQStymMs?authuser=0&hl=en&rclk=1,https://hurricanesgrill.ae/,
Food Spot Restaurant & Cafeteria,Restaurant,"Shop #G14, Al Ain Center - Al Mankhool Rd - Al Fahidi - Dubai - United Arab Emirates",+971 58 146 7575,3.6,https://online.fliphtml5.com/njnfo/xclq/,https://www.google.com/maps/place/Food+Spot+Restaurant+%26+Cafeteria/data=!4m7!3m6!1s0x3e5f433e60634cc7:0x6c88f276b389801f!8m2!3d25.2563268!4d55.2969425!16s%2Fg%2F11gr605g88!19sChIJx0xjYD5DXz4RH4CJs3byiGw?authuser=0&hl=en&rclk=1,,
Bukhara Restaurant Dubai - Indian Food,Restaurant,Bur Dubai - 12A St - Al Mankhool - Dubai - United Arab Emirates,+971 4 401 0000,4.5,,https://www.google.com/maps/place/Bukhara+Restaurant+Dubai+-+Indian+Food/data=!4m7!3m6!1s0x3e5f43ea32752453:0xeab204b520e36917!8m2!3d25.2529457!4d55.2966597!16s%2Fg%2F11h3x4m9mg!19sChIJUyR1MupDXz4RF2njILUEsuo?authuser=0&hl=en&rclk=1,https://www.graytonhotel.com/restaurants-and-bars-in-dubai/bukhara-restaurant,
Al Fanar Restaurant & Cafe - DFC,Middle Eastern restaurant,"Ground Floor, Dubai Festival City Mall, Near P.F.Chang's, Canal Walk - Dubai - United Arab Emirates",+971 4 232 9966,4.4,https://alfanar.qrd.by/s3pfi9,https://www.google.com/maps/place/Al+Fanar+Restaurant+%26+Cafe+-+DFC/data=!4m7!3m6!1s0x3e5f5d7b99dddd69:0x59f3867418ffc564!8m2!3d25.2220379!4d55.3514657!16s%2Fg%2F11x9c82yd!19sChIJad3dmXtdXz4RZMX_GHSG81k?authuser=0&hl=en&rclk=1,https://www.alfanarrestaurant.com/uae,
Bussola,Italian restaurant,The Westin Dubai Mina Seyahi Beach Resort & Marina - Dubai - United Arab Emirates,+971 4 511 7373,4.5,http://bussoladubai.com/,https://www.google.com/maps/place/Bussola/data=!4m7!3m6!1s0x3e5f6b4f63efcb53:0x86d62e3fc613b946!8m2!3d25.0938853!4d55.1482639!16s%2Fg%2F1tdr1sgj!19sChIJU8vvY09rXz4RRrkTxj8u1oY?authuser=0&hl=en&rclk=1,http://www.bussoladubai.com/,
Fogo de Chão Brazilian Steakhouse,Brazilian restaurant,Central Park Towers - Level P3 Commercial - Office Building - Dubai - United Arab Emirates,,4.5,https://fogome.com/location/dubai,https://www.google.com/maps/place/Fogo+de+Ch%C3%A3o+Brazilian+Steakhouse/data=!4m7!3m6!1s0x3e5f42866b012223:0x808548d057ee0d94!8m2!3d25.2053662!4d55.2745985!16s%2Fg%2F11gfn0cjgy!19sChIJIyIBa4ZCXz4RlA3uV9BIhYA?authuser=0&hl=en&rclk=1,http://www.fogome.com/,
Table Otto - Dubai Mall,Restaurant,"Fashion Avenue, Dubai Mall - Dubai - United Arab Emirates",+971 4 266 8169,4.8,,https://www.google.com/maps/place/Table+Otto+-+Dubai+Mall/data=!4m7!3m6!1s0x3e5f4372b50d5d41:0x922560be831b4aec!8m2!3d25.1979975!4d55.2756594!16s%2Fg%2F11rqxqj808!19sChIJQV0NtXJDXz4R7Eobg75gJZI?authuser=0&hl=en&rclk=1,https://www.instagram.com/tableotto.ae/?hl=en,
Pierchic,Italian restaurant,Madinat jumeriah - Dubai - United Arab Emirates,+971 800 323232,4.2,https://cd-hospitality.jumeirah.com/-/mediadh/dh/hospitality/jumeirah/restaurants/dubai/al-qasr-pierchic/restaurant-menu/pierchicfoodmenu.pdf,https://www.google.com/maps/place/Pierchic/data=!4m7!3m6!1s0x3e5f6a55313a7397:0x2d301592977a0488!8m2!3d25.1343638!4d55.1811457!16s%2Fg%2F1hf6y6g5c!19sChIJl3M6MVVqXz4RiAR6l5IVMC0?authuser=0&hl=en&rclk=1,https://www.jumeirah.com/en/dine/dubai/al-qasr-pierchic?utm_source=google&utm_medium=google%20places&utm_campaign=restaurant,
COYA Dubai,Peruvian restaurant,Restaurant Village Four Seasons Resort - Jumeirah Beach Rd - Jumeirah 2 - Dubai - United Arab Emirates,+971 4 316 9600,4.5,https://coyarestaurant.com/restaurants/dubai-2/,https://www.google.com/maps/place/COYA+Dubai/data=!4m7!3m6!1s0x3e5f421125b06d2d:0x809404d0388e21ab!8m2!3d25.2025883!4d55.240678!16s%2Fg%2F11b6z4xgfv!19sChIJLW2wJRFCXz4RqyGOONAElIA?authuser=0&hl=en&rclk=1,https://coyarestaurant.com/restaurants/dubai/,
Al Khayma Heritage Restaurant | مطعم الخيمة التراثي,Middle Eastern restaurant,Historical Neighbourhood - 79 Al Mussallah Rd - Al Fahidi - Dubai - United Arab Emirates,+971 55 180 2080,4.9,https://alkhayma.com/menu/al-khayma-heritage-restaurant-dubai,https://www.google.com/maps/place/Al+Khayma+Heritage+Restaurant+%7C+%D9%85%D8%B7%D8%B9%D9%85+%D8%A7%D9%84%D8%AE%D9%8A%D9%85%D8%A9+%D8%A7%D9%84%D8%AA%D8%B1%D8%A7%D8%AB%D9%8A%E2%80%AD/data=!4m7!3m6!1s0x3e5f43728fa5a597:0xd6b52d505b46e58a!8m2!3d25.2637706!4d55.3007685!16s%2Fg%2F11jx2ktzsk!19sChIJl6Wlj3JDXz4RiuVGW1AttdY?authuser=0&hl=en&rclk=1,https://alkhayma.com/restaurant/al-khayma-heritage-restaurant-dubai,
KASTAN UAE,Barbecue restaurant,The Dubai Mall Zabeel - Dubai - United Arab Emirates,+971 54 582 2731,3.9,https://qr.b1menu.com/kastan,https://www.google.com/maps/place/KASTAN+UAE/data=!4m7!3m6!1s0x3e5f13571748ca99:0xea80f5af60b44050!8m2!3d25.2000243!4d55.2820429!16s%2Fg%2F11ggzsgqt3!19sChIJmcpIF1cTXz4RUEC0YK_1gOo?authuser=0&hl=en&rclk=1,,
Chic Nonna,Italian restaurant,"DIFC, Gate Avenue Mall Zone D - Dubai - United Arab Emirates",+971 4 605 2000,4.4,,https://www.google.com/maps/place/Chic+Nonna/data=!4m7!3m6!1s0x3e5f438dff40c6db:0xb6da75440a75bf50!8m2!3d25.2071016!4d55.2764964!16s%2Fg%2F11rg3ss6_3!19sChIJ28ZA_41DXz4RUL91CkR12rY?authuser=0&hl=en&rclk=1,https://www.chicnonna.com/chic-nonna-restaurant-dubai/,
"Bikanervala - Indian Veg Restaurant in Dubai Mall, Dubai, UAE",Indian restaurant,Financial Center Street، The Dubai Mall - Food Court - Sheikh Mohammed bin Rashid Blvd - Dubai - United Arab Emirates,+971 4 589 6958,3.9,https://www.bikanervala.ae/,"https://www.google.com/maps/place/Bikanervala+-+Indian+Veg+Restaurant+in+Dubai+Mall,+Dubai,+UAE/data=!4m7!3m6!1s0x3e5f43291308afa5:0xe48b7db44021ad9d!8m2!3d25.198367!4d55.2796085!16s%2Fg%2F11h_6kxb_4!19sChIJpa8IEylDXz4Rna0hQLR9i-Q?authuser=0&hl=en&rclk=1",http://bikanervala.ae/,
High Joint - Emirates Towers,Hamburger restaurant,Emirates Towers - Al Mustaqbal St - Trade Centre - Trade Centre 2 - Dubai - United Arab Emirates,+971 50 140 5243,4.5,,https://www.google.com/maps/place/High+Joint+-+Emirates+Towers/data=!4m7!3m6!1s0x3e5f439694158777:0x3795bf9dad94117c!8m2!3d25.2159733!4d55.2839891!16s%2Fg%2F11k4ty5d8s!19sChIJd4cVlJZDXz4RfBGUrZ2_lTc?authuser=0&hl=en&rclk=1,,
Circle Of Crust - Dubai Mall,Pizza restaurant,"Store #04388227, 2nd floor, Food Court, Dubai Mall, UAE Emirates - Dubai - United Arab Emirates",+971 4 388 2227,4.4,,https://www.google.com/maps/place/Circle+Of+Crust+-+Dubai+Mall/data=!4m7!3m6!1s0x3e5f43d09ac57839:0x67af59774fa49872!8m2!3d25.1988594!4d55.2796343!16s%2Fg%2F11mwfsprbb!19sChIJOXjFmtBDXz4RcpikT3dZr2c?authuser=0&hl=en&rclk=1,,
Best food restaurant Al Rigga dubai,Restaurant,786H+XF7 - 43rd St - Deira - Dubai - United Arab Emirates,+971 58 625 2015,,https://clikmenu.com/bestfood/,https://www.google.com/maps/place/Best+food+restaurant+Al+Rigga+dubai/data=!4m7!3m6!1s0x3e5f5dd166a0c3bd:0x32206ea4eba46a03!8m2!3d25.2624039!4d55.3286817!16s%2Fg%2F11l65tmt1t!19sChIJvcOgZtFdXz4RA2qk66RuIDI?authuser=0&hl=en&rclk=1,,
Meda Dubai,Restaurant,Taj Hotel - Business Bay - Dubai - United Arab Emirates,+971 56 711 2277,4.7,,https://www.google.com/maps/place/Meda+Dubai/data=!4m7!3m6!1s0x3e5f699057719c29:0x50f753d76af30536!8m2!3d25.1924666!4d55.2672923!16s%2Fg%2F11kj2t8ckp!19sChIJKZxxV5BpXz4RNgXzatdT91A?authuser=0&hl=en&rclk=1,http://www.medadubai.com/,
Chowking Orient Restaurant,Restaurant,"Sheikh Zayed Road, DIFC - Dubai - United Arab Emirates",+971 600 560031,3.3,https://orders.chowking.ae/order-online/,https://www.google.com/maps/place/Chowking+Orient+Restaurant/data=!4m7!3m6!1s0x3e5f428eb53f6f93:0xb427ef45b38be95e!8m2!3d25.2111267!4d55.275701!16s%2Fg%2F11bbwxbggl!19sChIJk28_tY5CXz4RXumLs0XvJ7Q?authuser=0&hl=en&rclk=1,,
Bella Restaurant & Lounge,Italian restaurant,Grand Millennium Hotel - Marasi Dr - Business Bay - Dubai - United Arab Emirates,+971 4 873 3377,4.6,http://www.belladxb.com/qr-code,https://www.google.com/maps/place/Bella+Restaurant+%26+Lounge/data=!4m7!3m6!1s0x3e5f69107a840621:0x208be40b86d837ac!8m2!3d25.1828893!4d55.2742697!16s%2Fg%2F11m857x8nr!19sChIJIQaEehBpXz4RrDfYhgvkiyA?authuser=0&hl=en&rclk=1,http://www.belladxb.com/,
Raju Omlet,Restaurant,"Real Estate International Building, Exit 43,Sheikh Zayed Road - Near Noor Islamic Bank Metro Footbridge - Station - Dubai - United Arab Emirates",+971 4 388 3355,4.2,,https://www.google.com/maps/place/Raju+Omlet/data=!4m7!3m6!1s0x3e5f6987803b5b7d:0xf52ca3d12d1eac6c!8m2!3d25.1500116!4d55.2260308!16s%2Fg%2F11cly5qh3q!19sChIJfVs7gIdpXz4RbKweLdGjLPU?authuser=0&hl=en&rclk=1,http://www.rajuomlet.net/,
Sammach Spot,Seafood restaurant,Souk Al Bahar - Downtown Dubai - Dubai Mall - Dubai - United Arab Emirates,+971 4 410 7552,4.9,https://sammachspot.com/sammach-spot-dubai-menu/,https://www.google.com/maps/place/Sammach+Spot/data=!4m7!3m6!1s0x3e5f69c47fa375a1:0x32f4aacf61284314!8m2!3d25.1952632!4d55.2766483!16s%2Fg%2F11v0y_kpg6!19sChIJoXWjf8RpXz4RFEMoYc-q9DI?authuser=0&hl=en&rclk=1,https://sammachspot.com/,
Asian5 - DAFZA,Asian restaurant,Mezzanine Floor DAFZA Food Court - Dubai - United Arab Emirates,+971 4 255 2576,4.5,http://asian5restaurant.com/menu,https://www.google.com/maps/place/Asian5+-+DAFZA/data=!4m7!3m6!1s0x3e5f5db256f5438b:0xb391c73a3da0e2ac!8m2!3d25.260318!4d55.371785!16s%2Fg%2F11c3xc7845!19sChIJi0P1VrJdXz4RrOKgPTrHkbM?authuser=0&hl=en&rclk=1,http://www.asian5restaurant.com/,
Asha's Restaurants,Indian restaurant,"Pyramids,WAFI Mall Oud Metha Rd - United Arab Emirates",+971 4 324 4100,4.4,https://ashasrestaurants.com/dubai-menus/,https://www.google.com/maps/place/Asha%27s+Restaurants/data=!4m7!3m6!1s0x3e5f42cd7fb91195:0xde9c5b21281f7e4e!8m2!3d25.2299921!4d55.3197201!16s%2Fg%2F1vlz8v9l!19sChIJlRG5f81CXz4RTn4fKCFbnN4?authuser=0&hl=en&rclk=1,https://ashasrestaurants.com/,
Time Out Market Dubai,Restaurant,"Level 3, Souk Al Bahar - Downtown - Downtown Dubai - Dubai - United Arab Emirates",+971 54 375 2421,4.7,,https://www.google.com/maps/place/Time+Out+Market+Dubai/data=!4m7!3m6!1s0x3e5f69b07177d695:0x4ca84947c75625f6!8m2!3d25.1946394!4d55.2765141!16s%2Fg%2F11m9_hb_0q!19sChIJldZ3cbBpXz4R9iVWx0dJqEw?authuser=0&hl=en&rclk=1,https://www.timeoutmarket.com/dubai/,
Mi Amie Dubai,Restaurant,"Level 1, Jumeirah Emirates Towers Hotel - Trade Centre - Trade Centre 2 - Dubai - United Arab Emirates",+971 4 319 8567,4.2,https://online.flippingbook.com/view/87782358/,https://www.google.com/maps/place/Mi+Amie+Dubai/data=!4m7!3m6!1s0x3e5f43c810a3817f:0x9eb78f676cbb939!8m2!3d25.2178272!4d55.2820405!16s%2Fg%2F11k4rxrhy1!19sChIJf4GjEMhDXz4RObnLdvZ46wk?authuser=0&hl=en&rclk=1,https://www.jumeirah.com/en/dine/dubai/emirates-mi-amie,
